review_id,k,scale,n_specs,verdict,prosecution_theta,prosecution_p,prosecution_sig,prosecution_spec,defence_theta,defence_p,defence_sig,defence_spec,adversarial_gap,gap_class,robustness_score
CD000028,21,ratio,1386,SPLIT,-0.3113,2e-06,True,FE/Wald/none,-0.156,0.143878,False,FE/Wald/PET-PEESE,0.1553,Moderate,66.67
CD000143,12,ratio,819,SPLIT,-0.4738,6.4e-05,True,FE/Wald/none,-0.3503,0.10411,False,FE/HKSJ/none,0.1234,Moderate,87.55
CD000219,21,ratio,1386,SPLIT,-0.239,1e-06,True,FE/Wald/none,-0.2797,0.050394,False,HS/HKSJ/none,0.0408,Narrow,49.06
CD000478,13,ratio,882,SPLIT,-0.4305,2e-06,True,FE/Wald/none,-0.2893,0.058138,False,FE/Wald/PET-PEESE,0.1412,Moderate,69.05
CD000547,48,ratio,3087,SPLIT,0.8381,0.0,True,FE/Wald/none,0.303,0.073215,False,FE/HKSJ/trim-and-fill,0.5351,Extreme,66.6
CD001155,59,ratio,3780,SPLIT,-0.1429,0.012004,True,FE/Wald/none,-0.1396,0.058387,False,FE/HKSJ/none,0.0034,Narrow,93.81
CD001321,27,ratio,1764,SPLIT,-0.3027,0.0,True,FE/Wald/none,-0.1424,0.051042,False,FE/HKSJ/none,0.1603,Moderate,57.82
CD001396,30,ratio,1953,SPLIT,0.8741,0.0,True,FE/Wald/none,0.1239,0.467881,False,FE/Wald/PET-PEESE,0.7502,Extreme,66.67
CD001431,61,ratio,3906,UNANIMOUS_NULL,0.0001,0.998544,False,FE/Wald/PET-PEESE,0.033,0.133955,False,FE/Wald/trim-and-fill,0.033,Narrow,93.78
CD001533,21,ratio,1386,SPLIT,-0.1263,0.02007,True,FE/Wald/PET-PEESE,-0.0893,0.062031,False,FE/HKSJ/none,0.0371,Narrow,81.67
CD001552,3,ratio,252,SPLIT,0.3023,3.9e-05,True,FE/Wald/none,0.3023,0.200647,False,FE/HKSJ/none,0.0,Narrow,17.46
CD001703,21,ratio,1386,SPLIT,0.924,0.0,True,FE/Wald/none,0.5131,0.055769,False,FE/Wald/PET-PEESE,0.411,Wide,68.18
CD001797,5,ratio,378,SPLIT,0.8628,1e-06,True,FE/Wald/none,0.5407,0.064461,False,FE/Wald/PET-PEESE,0.3221,Wide,66.67
CD001837,49,ratio,3150,SPLIT,0.2336,0.0,True,FE/Wald/none,0.0691,0.428221,False,FE/Wald/PET-PEESE,0.1644,Moderate,66.67
CD001909,25,ratio,1638,UNANIMOUS_SIGNIFICANT,0.6121,0.0,True,FE/Wald/none,0.5498,0.0,True,REML/Wald/trim-and-fill,0.0624,Narrow,100.0
CD001920,4,ratio,315,UNANIMOUS_NULL,0.0374,0.843933,False,FE/Wald/PET-PEESE,-0.0527,0.287358,False,FE/Wald/PET-PEESE,0.0901,Narrow,93.33
CD002042,53,ratio,3402,UNANIMOUS_SIGNIFICANT,-0.449,0.0,True,FE/Wald/none,-0.368,0.0,True,FE/Wald/PET-PEESE,0.081,Narrow,100.0
CD002052,3,ratio,252,UNANIMOUS_NULL,0.0832,0.8455,False,FE/Wald/PET-PEESE,-0.2767,0.497034,False,FE/Wald/none,0.3599,Wide,91.67
CD002112,21,ratio,1386,SPLIT,0.2466,0.0,True,FE/Wald/none,0.0929,0.244888,False,FE/Wald/PET-PEESE,0.1537,Moderate,66.67
CD002115,5,ratio,378,SPLIT,0.8728,0.0,True,FE/Wald/none,0.3652,0.078248,False,FE/HKSJ/none,0.5076,Extreme,39.95
CD002122,56,ratio,3591,SPLIT,-0.17,1.3e-05,True,FE/Wald/none,-0.17,0.055542,False,FE/HKSJ/none,0.0,Narrow,48.54
CD002203,50,ratio,3213,SPLIT,-0.3,0.0,True,FE/Wald/trim-and-fill,-0.1485,0.050862,False,FE/HKSJ/none,0.1514,Moderate,28.23
CD002243,180,ratio,11403,SPLIT,-0.0943,0.0,True,FE/Wald/none,-0.0462,0.061056,False,DL/HKSJ/trim-and-fill,0.0482,Narrow,49.5
CD002290,16,ratio,1071,SPLIT,-0.2914,0.0,True,FE/Wald/none,-0.1814,0.082279,False,FE/HKSJ/trim-and-fill,0.1101,Moderate,63.4
CD002303,5,ratio,378,SPLIT,0.4133,0.0,True,HS/Wald/trim-and-fill,0.3815,0.078309,False,FE/Wald/PET-PEESE,0.0318,Narrow,64.29
CD002971,10,ratio,693,SPLIT,-0.9031,0.00012,True,FE/Wald/none,-0.5163,0.059353,False,FE/HKSJ/none,0.3868,Wide,60.03
CD003129,3,ratio,252,SPLIT,0.7341,0.001533,True,FE/Wald/none,0.7341,0.194631,False,FE/HKSJ/none,0.0,Narrow,22.22
CD003216,4,ratio,315,SPLIT,-0.6333,0.040954,True,FE/Wald/none,-0.2906,0.154404,False,FE/Wald/PET-PEESE,0.3428,Wide,71.11
CD003218,5,ratio,378,UNANIMOUS_NULL,0.2596,0.554229,False,FE/Wald/trim-and-fill,-0.5978,0.060702,False,FE/Wald/PET-PEESE,0.8574,Extreme,66.67
CD003331,35,ratio,2268,UNANIMOUS_NULL,-0.0015,0.995566,False,FE/Wald/PET-PEESE,0.2769,0.190196,False,FE/Wald/PET-PEESE,0.2785,Moderate,67.59
CD003333,4,ratio,315,UNANIMOUS_NULL,-0.0032,0.959309,False,FE/Wald/none,0.0458,0.25128,False,FE/Wald/PET-PEESE,0.049,Narrow,66.67
CD003357,7,ratio,504,SPLIT,0.7252,1e-06,True,FE/Wald/none,0.5456,0.066587,False,FE/HKSJ/none,0.1796,Moderate,44.84
CD003376,15,ratio,1008,UNANIMOUS_NULL,-0.0284,0.960163,False,FE/Wald/PET-PEESE,-0.3583,0.124483,False,FE/Wald/none,0.3299,Wide,91.67
CD003414,16,ratio,1071,UNANIMOUS_NULL,0.0074,0.950413,False,DL/Wald/trim-and-fill,-0.1315,0.17361,False,PM/Wald/trim-and-fill,0.1388,Moderate,61.06
CD003429,6,ratio,441,SPLIT,1.1584,0.040135,True,FE/Wald/none,-0.1886,0.007018,False,FE/Wald/PET-PEESE,1.347,Extreme,65.08
CD003477,11,difference,756,UNANIMOUS_NULL,-0.0012,0.991521,False,PM/Wald/none,0.9855,0.193232,False,FE/Wald/PET-PEESE,0.9867,Wide,69.44
CD003511,8,ratio,567,SPLIT,-0.4759,0.002499,True,FE/Wald/trim-and-fill,-0.344,0.086115,False,REML/HKSJ/trim-and-fill,0.1319,Moderate,92.95
CD003519,15,ratio,1008,SPLIT,0.2392,0.0,True,FE/Wald/none,0.1307,0.051218,False,FE/HKSJ/trim-and-fill,0.1086,Moderate,52.08
CD003594,11,ratio,756,SPLIT,-0.74,0.002897,True,FE/Wald/trim-and-fill,-0.74,0.07147,False,FE/HKSJ/trim-and-fill,0.0,Narrow,87.17
CD003598,21,ratio,1386,SPLIT,-0.1779,0.006405,True,FE/Wald/PET-PEESE,-0.1606,0.050131,False,FE/Wald/PET-PEESE,0.0173,Narrow,79.29
CD003743,6,ratio,441,SPLIT,-0.9373,0.003797,True,FE/Wald/PET-PEESE,-0.8991,0.056018,False,FE/Wald/PET-PEESE,0.0382,Narrow,84.13
CD003774,42,ratio,2709,UNANIMOUS_SIGNIFICANT,-0.914,0.0,True,FE/Wald/none,-0.7357,0.0,True,FE/Wald/PET-PEESE,0.1783,Moderate,100.0
CD003833,4,ratio,315,UNANIMOUS_NULL,0.053,0.948637,False,FE/Wald/none,-3.3778,0.069285,False,FE/Wald/PET-PEESE,3.4307,Extreme,93.33
CD003962,6,ratio,441,SPLIT,-0.4256,0.025487,True,FE/Wald/PET-PEESE,-0.6447,0.069165,False,FE/Wald/PET-PEESE,0.2191,Moderate,85.71
CD004184,7,ratio,504,UNANIMOUS_NULL,0.0048,0.985369,False,HE/Wald/trim-and-fill,-0.0954,0.281023,False,FE/Wald/none,0.1001,Moderate,76.19
CD004307,42,ratio,2709,UNANIMOUS_SIGNIFICANT,0.438,0.0,True,FE/Wald/none,0.4168,0.0,True,REML/Wald/none,0.0211,Narrow,100.0
CD004376,104,ratio,6615,UNANIMOUS_NULL,-0.0106,0.822253,False,FE/Wald/none,-0.1445,0.092686,False,FE/Wald/PET-PEESE,0.1339,Moderate,100.0
CD004406,6,ratio,441,SPLIT,0.248,0.019196,True,FE/Wald/PET-PEESE,0.4682,0.065114,False,FE/Wald/PET-PEESE,0.2203,Moderate,85.71
CD004417,17,ratio,1134,SPLIT,-3.2921,0.0,True,FE/Wald/none,-1.5089,0.056119,False,FE/Wald/PET-PEESE,1.7832,Extreme,96.3
CD004508,6,ratio,441,UNANIMOUS_NULL,-0.0025,0.989532,False,HS/Wald/none,0.2592,0.014159,False,FE/Wald/trim-and-fill,0.2617,Moderate,51.7
CD004661,12,ratio,819,UNANIMOUS_NULL,0.0009,0.990734,False,FE/Wald/none,-0.0937,0.202277,False,FE/Wald/trim-and-fill,0.0946,Narrow,87.55
CD004667,16,ratio,1071,SPLIT,-0.1098,0.001548,True,FE/Wald/trim-and-fill,-0.0968,0.054467,False,FE/HKSJ/none,0.013,Narrow,34.08
CD004703,4,ratio,315,SPLIT,-3.5234,0.013505,True,FE/Wald/PET-PEESE,-4.2184,0.313061,False,FE/Wald/PET-PEESE,0.6949,Extreme,86.67
CD004736,14,ratio,945,SPLIT,-0.8442,0.0,True,FE/Wald/none,-0.4024,0.055889,False,FE/HKSJ/trim-and-fill,0.4418,Wide,66.24
CD004762,5,difference,378,SPLIT,-0.2981,0.006492,True,FE/Wald/PET-PEESE,-0.1654,0.067908,False,FE/HKSJ/none,0.1327,Narrow,26.98
CD004871,5,ratio,378,SPLIT,-0.4522,1.3e-05,True,FE/Wald/none,0.3012,0.012712,False,FE/Wald/PET-PEESE,0.7534,Extreme,26.46
CD004904,4,ratio,315,SPLIT,3.1039,0.016828,True,FE/Wald/PET-PEESE,0.4728,0.480197,False,FE/Wald/PET-PEESE,2.6311,Extreme,64.76
CD004925,31,ratio,2016,SPLIT,-1.0976,0.0,True,FE/Wald/none,-0.622,0.120982,False,FE/Wald/PET-PEESE,0.4756,Wide,66.67
CD004953,11,ratio,756,UNANIMOUS_NULL,0.0,0.999776,False,HS/Wald/none,-0.3748,0.113654,False,FE/Wald/PET-PEESE,0.3749,Wide,18.25
CD004992,4,ratio,315,SPLIT,-1.7466,0.0,True,DL/Wald/trim-and-fill,-1.9281,0.051418,False,REML/HKSJ/none,0.1815,Moderate,65.4
CD005133,39,ratio,2520,SPLIT,-0.1391,0.005574,True,FE/Wald/none,-0.0918,0.054206,False,FE/HKSJ/none,0.0473,Narrow,10.99
CD005187,5,ratio,378,SPLIT,-0.4161,0.0,True,FE/Wald/none,-0.2598,0.238188,False,FE/Wald/PET-PEESE,0.1563,Moderate,66.67
CD005343,31,ratio,2016,SPLIT,-0.3696,0.0,True,FE/Wald/none,-0.19,0.157955,False,FE/Wald/PET-PEESE,0.1797,Moderate,66.67
CD005495,9,ratio,630,UNANIMOUS_NULL,-0.0145,0.961565,False,HE/Wald/trim-and-fill,1.2541,0.00382,False,FE/Wald/PET-PEESE,1.2686,Extreme,64.29
CD005566,28,ratio,1827,SPLIT,-0.3745,2e-06,True,FE/Wald/PET-PEESE,-0.1743,0.055034,False,REML/HKSJ/none,0.2002,Moderate,90.42
CD005582,4,ratio,315,UNANIMOUS_NULL,0.3191,0.732995,False,FE/Wald/none,0.3799,0.102711,False,FE/Wald/PET-PEESE,0.0609,Narrow,100.0
CD005595,32,ratio,2079,UNANIMOUS_NULL,0.3,0.313782,False,FE/Wald/PET-PEESE,0.2547,0.084303,False,FE/Wald/none,0.0453,Narrow,100.0
CD005951,7,ratio,504,SPLIT,-0.4114,0.008067,True,FE/Wald/none,-0.4041,0.086419,False,HS/HKSJ/none,0.0072,Narrow,79.96
CD006023,18,ratio,1197,SPLIT,-1.2154,0.0,True,FE/Wald/none,-0.6518,0.05489,False,FE/Wald/PET-PEESE,0.5637,Extreme,71.93
CD006027,4,ratio,315,SPLIT,-1.1546,0.0,True,FE/Wald/none,-1.1832,0.110377,False,FE/HKSJ/none,0.0286,Narrow,36.19
CD006124,6,ratio,441,SPLIT,0.5942,1e-06,True,FE/Wald/trim-and-fill,0.5942,0.097992,False,FE/HKSJ/trim-and-fill,0.0,Narrow,76.19
CD006140,8,ratio,567,SPLIT,-0.1307,2e-06,True,FE/Wald/none,-0.1307,0.120166,False,FE/HKSJ/none,0.0,Narrow,39.68
CD006182,4,ratio,315,SPLIT,0.8128,0.0,True,FE/Wald/none,0.4373,0.144853,False,FE/Wald/PET-PEESE,0.3755,Wide,60.32
CD006185,78,ratio,4977,SPLIT,0.5942,0.0,True,FE/Wald/none,0.4286,0.056145,False,FE/Wald/PET-PEESE,0.1656,Moderate,70.46
CD006257,9,ratio,630,SPLIT,-0.2684,0.021901,True,FE/Wald/trim-and-fill,-0.2684,0.055747,False,FE/HKSJ/trim-and-fill,0.0,Narrow,89.05
CD006404,112,ratio,7119,SPLIT,-0.0913,0.004971,True,FE/Wald/trim-and-fill,-0.075,0.050263,False,FE/HKSJ/trim-and-fill,0.0163,Narrow,65.05
CD006475,27,ratio,1764,SPLIT,-0.1362,0.002074,True,FE/Wald/none,-0.1109,0.053323,False,FE/HKSJ/trim-and-fill,0.0253,Narrow,60.09
CD006515,5,ratio,378,UNANIMOUS_NULL,-0.3597,0.824412,False,FE/Wald/PET-PEESE,-0.3652,0.019551,False,FE/Wald/PET-PEESE,0.0054,Narrow,72.22
CD006536,43,ratio,2772,SPLIT,-0.7328,0.000657,True,FE/Wald/PET-PEESE,-0.2964,0.087989,False,FE/Wald/none,0.4364,Wide,98.48
CD006606,4,ratio,315,SPLIT,-1.094,0.0,True,FE/Wald/trim-and-fill,-0.5071,0.100428,False,FE/Wald/PET-PEESE,0.5869,Extreme,64.44
CD006632,23,difference,1512,SPLIT,-0.8428,0.0,True,FE/Wald/none,-0.4963,0.051444,False,FE/Wald/PET-PEESE,0.3465,Moderate,76.39
CD006689,5,ratio,378,SPLIT,-0.552,0.009386,True,FE/Wald/trim-and-fill,-1.9718,0.073281,False,FE/Wald/PET-PEESE,1.4198,Extreme,16.14
CD006712,3,difference,252,SPLIT,0.5355,0.042205,True,FE/Wald/trim-and-fill,1.2378,0.192295,False,FE/Wald/PET-PEESE,0.7023,Wide,72.22
CD006714,3,ratio,252,UNANIMOUS_NULL,0.0,1.0,False,FE/Wald/none,0.0123,0.146662,False,FE/Wald/PET-PEESE,0.0123,Narrow,66.67
CD006742,4,ratio,315,UNANIMOUS_NULL,-0.0634,0.906485,False,HS/Wald/trim-and-fill,-0.5175,0.13485,False,FE/Wald/PET-PEESE,0.4541,Wide,86.67
CD006839,3,ratio,252,UNANIMOUS_NULL,-0.0381,0.729168,False,FE/Wald/PET-PEESE,-0.0849,0.384881,False,FE/Wald/none,0.0469,Narrow,100.0
CD006913,29,ratio,1890,SPLIT,-0.1469,0.000104,True,REML/Wald/trim-and-fill,-0.0715,0.05365,False,DL/HKSJ/trim-and-fill,0.0754,Narrow,30.85
CD006919,19,ratio,1260,SPLIT,0.4485,0.000882,True,FE/Wald/none,0.3008,0.052734,False,FE/HKSJ/none,0.1477,Moderate,62.38
CD006942,4,ratio,315,UNANIMOUS_NULL,0.044,0.889057,False,HS/Wald/trim-and-fill,0.5911,0.0,False,FE/Wald/PET-PEESE,0.547,Extreme,27.62
CD006982,4,ratio,315,UNANIMOUS_NULL,-0.0311,0.986243,False,FE/Wald/PET-PEESE,-2.1582,0.086127,False,FE/Wald/PET-PEESE,2.1271,Extreme,69.52
CD007024,18,ratio,1197,SPLIT,0.1699,0.026385,True,FE/Wald/none,0.1466,0.055898,False,FE/Wald/none,0.0233,Narrow,91.23
CD007026,7,ratio,504,SPLIT,-0.1548,0.028735,True,FE/Wald/PET-PEESE,-0.2284,0.227035,False,FE/Wald/PET-PEESE,0.0736,Narrow,87.5
CD007079,10,ratio,693,SPLIT,-0.1534,0.007735,True,FE/Wald/none,-0.1534,0.091412,False,FE/HKSJ/none,0.0,Narrow,7.65
CD007130,26,ratio,1701,SPLIT,0.0518,0.015074,True,DL/Wald/trim-and-fill,0.0482,0.052894,False,DL/HKSJ/trim-and-fill,0.0036,Narrow,58.32
CD007156,3,ratio,252,SPLIT,-1.1132,0.000267,True,FE/Wald/none,-1.1132,0.06769,False,FE/HKSJ/none,0.0,Narrow,36.11
CD007310,7,ratio,504,UNANIMOUS_NULL,-0.1407,0.957115,False,FE/Wald/PET-PEESE,0.6204,0.210089,False,FE/Wald/PET-PEESE,0.7611,Extreme,95.83
CD007374,6,ratio,441,SPLIT,-1.0824,0.00158,True,FE/Wald/PET-PEESE,-0.3047,0.382048,False,FE/Wald/trim-and-fill,0.7776,Extreme,95.24
CD007491,8,ratio,567,SPLIT,0.1707,0.033704,True,FE/Wald/trim-and-fill,0.1707,0.219952,False,FE/HKSJ/trim-and-fill,0.0,Narrow,83.95
CD007569,6,ratio,441,SPLIT,0.3158,0.014733,True,FE/Wald/PET-PEESE,0.1771,0.099195,False,FE/HKSJ/none,0.1388,Moderate,79.37
CD007572,10,ratio,693,SPLIT,-0.1439,0.0,True,FE/Wald/none,0.0513,0.537107,False,FE/Wald/PET-PEESE,0.1952,Moderate,66.67
CD007639,5,ratio,378,UNANIMOUS_NULL,-0.0065,0.972798,False,HE/Wald/none,0.3273,0.009016,False,FE/Wald/trim-and-fill,0.3338,Wide,34.92
CD007674,28,ratio,1827,SPLIT,0.3538,0.0,True,FE/Wald/none,0.2254,0.050465,False,FE/HKSJ/none,0.1285,Moderate,55.17
CD007784,13,ratio,882,UNANIMOUS_SIGNIFICANT,-0.2692,0.0,True,FE/Wald/none,-0.347,8.4e-05,True,HS/Wald/trim-and-fill,0.0777,Narrow,100.0
CD007809,3,ratio,252,UNANIMOUS_NULL,-0.3557,0.885905,False,FE/Wald/PET-PEESE,0.446,0.17164,False,FE/Wald/none,0.8016,Extreme,91.67
CD007859,3,ratio,252,UNANIMOUS_NULL,0.0217,0.93524,False,HS/Wald/trim-and-fill,0.3614,0.063245,False,FE/Wald/none,0.3397,Wide,91.67
CD007872,3,ratio,252,UNANIMOUS_NULL,-0.0297,0.583717,False,FE/Wald/none,0.1224,0.144311,False,FE/Wald/PET-PEESE,0.1521,Moderate,91.67
CD007895,3,ratio,252,UNANIMOUS_NULL,0.1949,0.754723,False,FE/Wald/none,2.3424,0.418231,False,FE/Wald/PET-PEESE,2.1474,Extreme,75.0
CD007896,35,ratio,2268,SPLIT,0.9558,0.0,True,FE/Wald/none,0.491,0.063398,False,FE/Wald/PET-PEESE,0.4647,Wide,67.59
CD008063,50,difference,3213,SPLIT,0.1725,0.0,True,FE/Wald/none,-0.0512,0.385253,False,FE/Wald/PET-PEESE,0.2237,Moderate,66.67
CD008145,6,ratio,441,SPLIT,0.3028,0.0,True,FE/Wald/none,0.0911,0.111385,False,FE/HKSJ/none,0.2117,Moderate,48.53
CD008165,13,ratio,882,SPLIT,-0.1848,0.0,True,FE/Wald/none,-0.1962,0.059668,False,FE/HKSJ/none,0.0114,Narrow,25.62
CD008176,38,ratio,2457,UNANIMOUS_NULL,0.002,0.979454,False,FE/Wald/trim-and-fill,0.15,0.173004,False,FE/Wald/PET-PEESE,0.148,Moderate,65.81
CD008237,6,ratio,441,SPLIT,0.2762,0.0,True,FE/Wald/none,0.1922,0.05672,False,FE/Wald/PET-PEESE,0.084,Narrow,62.59
CD008309,4,ratio,315,SPLIT,-0.7742,3.4e-05,True,FE/Wald/trim-and-fill,-2.475,0.107024,False,FE/Wald/PET-PEESE,1.7008,Extreme,20.95
CD008349,68,difference,4347,SPLIT,0.2279,0.0,True,FE/Wald/none,0.0753,0.304141,False,FE/HKSJ/trim-and-fill,0.1526,Narrow,47.85
CD008469,11,ratio,756,UNANIMOUS_NULL,0.0149,0.990663,False,FE/Wald/PET-PEESE,0.3153,0.442524,False,FE/Wald/trim-and-fill,0.3004,Wide,69.44
CD008493,10,ratio,693,SPLIT,-0.1029,0.031282,True,FE/Wald/none,-0.1029,0.149354,False,FE/HKSJ/none,0.0,Narrow,65.37
CD008552,5,ratio,378,SPLIT,0.2998,0.013292,True,FE/Wald/PET-PEESE,0.6498,0.099439,False,FE/HKSJ/none,0.35,Wide,69.58
CD008564,12,ratio,819,SPLIT,-0.301,6.4e-05,True,FE/Wald/trim-and-fill,-0.5264,0.050523,False,FE/Wald/PET-PEESE,0.2254,Moderate,59.71
CD008628,9,ratio,630,UNANIMOUS_NULL,-0.0103,0.977175,False,FE/Wald/PET-PEESE,0.2378,0.206042,False,FE/Wald/none,0.248,Moderate,70.0
CD008688,3,ratio,252,UNANIMOUS_NULL,-0.0287,0.749775,False,FE/Wald/none,0.1328,0.167073,False,FE/Wald/PET-PEESE,0.1616,Moderate,91.67
CD008709,31,ratio,2016,SPLIT,-0.4822,0.005838,True,FE/Wald/trim-and-fill,-0.369,0.05002,False,FE/HKSJ/none,0.1132,Moderate,62.15
CD008858,63,ratio,4032,UNANIMOUS_SIGNIFICANT,0.5711,0.0,True,FE/Wald/none,0.456,1e-06,True,FE/Wald/PET-PEESE,0.115,Moderate,100.0
CD008879,8,ratio,567,SPLIT,-0.3298,0.007103,True,FE/Wald/PET-PEESE,-0.3545,0.077362,False,FE/HKSJ/trim-and-fill,0.0246,Narrow,24.34
CD008940,4,ratio,315,UNANIMOUS_NULL,-0.0128,0.985465,False,FE/Wald/none,3.1093,0.015141,False,FE/Wald/PET-PEESE,3.122,Extreme,33.33
CD009022,9,ratio,630,SPLIT,1.2849,0.001174,True,FE/Wald/trim-and-fill,1.1122,0.054633,False,FE/HKSJ/none,0.1727,Moderate,57.78
CD009102,5,ratio,378,SPLIT,-0.3212,0.017088,True,FE/Wald/PET-PEESE,-0.3631,0.128117,False,FE/HKSJ/trim-and-fill,0.0419,Narrow,77.78
CD009235,31,ratio,2016,UNANIMOUS_NULL,-0.0181,0.800103,False,FE/Wald/trim-and-fill,-0.1042,0.178267,False,HS/Wald/none,0.0861,Narrow,66.67
CD009252,14,ratio,945,SPLIT,0.3547,0.001874,True,FE/Wald/trim-and-fill,0.3547,0.058547,False,FE/HKSJ/trim-and-fill,0.0,Narrow,92.7
CD009298,11,ratio,756,UNANIMOUS_NULL,-0.0198,0.739886,False,FE/Wald/none,-0.0905,0.134547,False,FE/Wald/trim-and-fill,0.0706,Narrow,100.0
CD009362,27,ratio,1764,UNANIMOUS_SIGNIFICANT,-1.0105,0.0,True,FE/Wald/none,-0.8253,0.002484,True,FE/Wald/PET-PEESE,0.1852,Moderate,100.0
CD009417,5,ratio,378,SPLIT,1.1683,0.017919,True,FE/Wald/PET-PEESE,-0.2666,0.074888,False,FE/Wald/PET-PEESE,1.4348,Extreme,29.37
CD009508,10,ratio,693,SPLIT,0.751,0.00049,True,FE/Wald/none,0.6355,0.090976,False,FE/HKSJ/trim-and-fill,0.1155,Moderate,18.9
CD009531,8,ratio,567,UNANIMOUS_NULL,-0.0293,0.871458,False,FE/Wald/PET-PEESE,0.2724,0.068166,False,FE/Wald/none,0.3017,Wide,66.67
CD009535,9,ratio,630,SPLIT,-0.2254,0.0,True,FE/Wald/none,-0.1323,0.106895,False,FE/HKSJ/none,0.0932,Narrow,46.03
CD009609,8,ratio,567,SPLIT,-0.604,0.000813,True,FE/Wald/PET-PEESE,-0.5561,0.051747,False,FE/HKSJ/none,0.0479,Narrow,55.38
CD009679,24,ratio,1575,SPLIT,-0.568,0.000446,True,FE/Wald/trim-and-fill,-0.404,0.086292,False,FE/HKSJ/none,0.164,Moderate,89.27
CD009730,10,ratio,693,UNANIMOUS_NULL,0.0027,0.994751,False,REML/Wald/none,1.7182,0.047821,False,FE/Wald/PET-PEESE,1.7155,Extreme,45.45
CD009749,25,ratio,1638,UNANIMOUS_NULL,0.0089,0.933483,False,FE/Wald/none,0.2978,0.141054,False,FE/Wald/PET-PEESE,0.289,Moderate,100.0
CD009788,5,ratio,378,SPLIT,-0.3067,0.020921,True,FE/Wald/PET-PEESE,-0.3655,0.057609,False,FE/HKSJ/none,0.0589,Narrow,20.9
CD009945,3,ratio,252,SPLIT,0.7794,0.026336,True,FE/Wald/none,0.7794,0.156461,False,FE/HKSJ/none,0.0,Narrow,22.22
CD010001,25,ratio,1638,SPLIT,0.3716,0.0,True,FE/Wald/none,0.1739,0.314215,False,FE/Wald/PET-PEESE,0.1976,Moderate,66.67
CD010145,9,ratio,630,SPLIT,7.9697,1.6e-05,True,FE/Wald/PET-PEESE,0.5541,0.147226,False,FE/Wald/PET-PEESE,7.4156,Extreme,73.33
CD010189,6,ratio,441,UNANIMOUS_NULL,-0.0007,0.995605,False,HS/Wald/trim-and-fill,0.156,0.129391,False,PM/Wald/none,0.1567,Moderate,62.59
CD010216,7,ratio,504,UNANIMOUS_NULL,0.0141,0.976165,False,FE/Wald/PET-PEESE,-0.2822,0.298907,False,FE/Wald/PET-PEESE,0.2962,Moderate,87.5
CD010290,7,ratio,504,SPLIT,0.6452,0.018343,True,FE/Wald/trim-and-fill,0.6452,0.050444,False,FE/HKSJ/trim-and-fill,0.0,Narrow,93.06
CD010441,3,ratio,252,UNANIMOUS_NULL,0.0159,0.912518,False,FE/Wald/PET-PEESE,-0.0656,0.161813,False,FE/Wald/none,0.0815,Narrow,91.67
CD010533,3,ratio,252,SPLIT,-1.5761,0.014073,True,FE/Wald/none,-1.5761,0.133455,False,FE/HKSJ/none,0.0,Narrow,22.22
CD010583,3,ratio,252,SPLIT,-1.1487,0.012696,True,FE/Wald/none,-1.1487,0.242925,False,FE/HKSJ/none,0.0,Narrow,72.62
CD010779,5,difference,378,UNANIMOUS_NULL,-0.034,0.98249,False,FE/Wald/PET-PEESE,2.3888,0.22615,False,FE/Wald/PET-PEESE,2.4228,Extreme,77.78
CD010856,12,difference,819,SPLIT,1.0288,0.0,True,FE/Wald/none,0.2643,0.346737,False,FE/HKSJ/trim-and-fill,0.7645,Wide,68.99
CD010966,67,ratio,4284,UNANIMOUS_SIGNIFICANT,-0.2868,6e-05,True,FE/Wald/PET-PEESE,-0.1911,0.016659,True,FE/Wald/none,0.0957,Narrow,100.0
CD011039,5,ratio,378,SPLIT,-0.377,0.013322,True,FE/Wald/none,-0.377,0.289569,False,FE/HKSJ/none,0.0,Narrow,67.99
CD011044,26,ratio,1701,UNANIMOUS_SIGNIFICANT,0.6626,0.0,True,FE/Wald/trim-and-fill,0.5369,7.6e-05,True,FE/Wald/PET-PEESE,0.1257,Moderate,100.0
CD011120,9,ratio,630,SPLIT,0.2814,0.030061,True,FE/Wald/trim-and-fill,0.2814,0.055237,False,FE/HKSJ/trim-and-fill,0.0,Narrow,92.38
CD011197,6,ratio,441,UNANIMOUS_NULL,-0.0907,0.88402,False,FE/Wald/none,0.9755,0.10603,False,FE/Wald/PET-PEESE,1.0662,Extreme,90.48
CD011204,13,ratio,882,SPLIT,0.5354,0.0,True,FE/Wald/trim-and-fill,0.1629,0.166035,False,FE/HKSJ/trim-and-fill,0.3725,Wide,65.08
CD011305,3,ratio,252,UNANIMOUS_NULL,0.0019,0.997812,False,HS/Wald/none,0.5942,0.450538,False,FE/Wald/none,0.5923,Extreme,41.67
CD011330,4,ratio,315,SPLIT,6.9378,0.00465,True,FE/Wald/PET-PEESE,1.8005,0.174813,False,FE/HKSJ/none,5.1373,Extreme,62.22
CD011381,46,ratio,2961,SPLIT,0.1897,0.000125,True,FE/Wald/none,0.1572,0.069359,False,FE/HKSJ/trim-and-fill,0.0325,Narrow,15.47
CD011535,38,ratio,2457,UNANIMOUS_SIGNIFICANT,3.1358,0.0,True,FE/Wald/trim-and-fill,2.9042,0.0,True,FE/Wald/PET-PEESE,0.2316,Moderate,100.0
CD011575,4,ratio,315,SPLIT,0.4599,1e-06,True,FE/Wald/trim-and-fill,0.4599,0.135472,False,FE/HKSJ/trim-and-fill,0.0,Narrow,74.92
CD011600,5,ratio,378,SPLIT,0.5699,0.01431,True,FE/Wald/PET-PEESE,0.7014,0.05006,False,FE/Wald/PET-PEESE,0.1314,Moderate,70.37
CD011626,11,ratio,756,SPLIT,0.8615,0.003509,True,FE/Wald/none,-0.9873,0.051509,False,FE/Wald/PET-PEESE,1.8487,Extreme,62.17
CD011627,8,ratio,567,SPLIT,-0.5753,0.00181,True,FE/Wald/trim-and-fill,-0.5753,0.183101,False,FE/HKSJ/trim-and-fill,0.0,Narrow,86.77
CD011670,7,ratio,504,SPLIT,-1.1287,0.00341,True,FE/Wald/PET-PEESE,-0.5904,0.20247,False,FE/HKSJ/trim-and-fill,0.5384,Extreme,71.63
CD011671,17,ratio,1134,SPLIT,-0.2669,0.0,True,FE/Wald/none,-0.2215,0.053145,False,HE/HKSJ/trim-and-fill,0.0454,Narrow,64.55
CD011689,31,ratio,2016,UNANIMOUS_SIGNIFICANT,1.117,0.0,True,FE/Wald/none,0.9813,0.0,True,DL/Wald/trim-and-fill,0.1357,Moderate,100.0
CD011762,29,ratio,1890,UNANIMOUS_NULL,0.0001,0.99965,False,FE/Wald/none,-0.3242,0.087736,False,FE/Wald/PET-PEESE,0.3242,Wide,97.14
CD011778,38,difference,2457,SPLIT,0.2889,0.0,True,FE/Wald/none,0.0887,0.210074,False,FE/HKSJ/trim-and-fill,0.2002,Moderate,64.35
CD011793,13,ratio,882,UNANIMOUS_NULL,-0.0133,0.96077,False,FE/Wald/trim-and-fill,0.9026,0.050231,False,FE/Wald/PET-PEESE,0.9159,Extreme,61.9
CD011841,4,ratio,315,UNANIMOUS_NULL,0.0013,0.998085,False,HE/Wald/none,0.7337,0.181902,False,FE/Wald/PET-PEESE,0.7324,Extreme,71.43
CD011851,4,ratio,315,UNANIMOUS_NULL,0.0846,0.849256,False,FE/Wald/PET-PEESE,0.2016,0.500382,False,FE/Wald/PET-PEESE,0.117,Moderate,73.33
CD011858,3,ratio,252,UNANIMOUS_NULL,0.3996,0.883621,False,FE/Wald/PET-PEESE,0.6867,0.265156,False,FE/Wald/none,0.2871,Moderate,100.0
CD011866,28,ratio,1827,UNANIMOUS_SIGNIFICANT,-0.222,0.0,True,FE/Wald/trim-and-fill,-0.1825,0.003056,True,REML/Wald/none,0.0395,Narrow,100.0
CD011885,7,ratio,504,SPLIT,0.3954,0.002283,True,FE/Wald/trim-and-fill,0.3954,0.052025,False,FE/HKSJ/trim-and-fill,0.0,Narrow,79.56
CD012067,38,ratio,2457,SPLIT,0.5374,0.0,True,FE/Wald/none,0.3615,0.053537,False,FE/HKSJ/none,0.1759,Moderate,63.25
CD012079,52,ratio,3339,SPLIT,0.5462,0.006886,True,REML/Wald/none,-0.6108,0.000291,False,FE/Wald/PET-PEESE,1.157,Extreme,20.01
CD012170,8,difference,567,SPLIT,-5.2712,0.0,True,FE/Wald/trim-and-fill,-3.9238,0.05022,False,HE/HKSJ/trim-and-fill,1.3474,Extreme,34.22
CD012178,5,ratio,378,UNANIMOUS_NULL,0.2463,0.847751,False,FE/Wald/PET-PEESE,0.4624,0.196336,False,FE/Wald/PET-PEESE,0.216,Moderate,61.11
CD012186,105,ratio,6678,SPLIT,0.2888,0.0,True,FE/Wald/none,0.1811,0.05138,False,FE/Wald/PET-PEESE,0.1077,Moderate,69.18
CD012214,4,ratio,315,SPLIT,1.2789,0.000876,True,FE/Wald/none,1.2789,0.079667,False,FE/HKSJ/none,0.0,Narrow,35.56
CD012268,21,difference,1386,SPLIT,-0.4665,0.0,True,FE/Wald/trim-and-fill,-0.3636,0.066314,False,DL/Wald/trim-and-fill,0.1029,Narrow,26.41
CD012397,3,ratio,252,SPLIT,0.3601,0.037329,True,FE/Wald/none,-3.6864,0.071409,False,FE/Wald/PET-PEESE,4.0465,Extreme,52.38
CD012426,4,ratio,315,UNANIMOUS_NULL,-0.0023,0.986087,False,FE/Wald/trim-and-fill,-0.6856,0.154969,False,FE/Wald/PET-PEESE,0.6833,Extreme,80.0
CD012429,4,ratio,315,UNANIMOUS_NULL,-0.0171,0.972496,False,FE/Wald/none,-1.7384,0.259873,False,FE/Wald/PET-PEESE,1.7213,Extreme,86.67
CD012445,5,difference,378,UNANIMOUS_NULL,0.0095,0.975027,False,DL/Wald/none,-0.218,0.180163,False,FE/Wald/none,0.2275,Moderate,78.57
CD012503,17,ratio,1134,SPLIT,-0.1745,0.014528,True,FE/Wald/none,-0.145,0.050513,False,HS/HKSJ/trim-and-fill,0.0295,Narrow,31.22
CD012570,10,ratio,693,UNANIMOUS_NULL,0.0002,0.995455,False,FE/Wald/trim-and-fill,0.1006,0.145667,False,FE/Wald/PET-PEESE,0.1004,Moderate,45.45
CD012572,4,ratio,315,SPLIT,2.0157,0.020717,True,FE/Wald/PET-PEESE,2.4015,0.110444,False,FE/Wald/PET-PEESE,0.3857,Wide,86.67
CD012586,42,ratio,2709,SPLIT,-0.1168,5e-06,True,FE/Wald/PET-PEESE,-0.0635,0.05222,False,FE/HKSJ/none,0.0534,Narrow,64.82
CD012623,9,ratio,630,SPLIT,0.0703,0.003834,True,FE/Wald/trim-and-fill,0.0598,0.068686,False,FE/HKSJ/trim-and-fill,0.0106,Narrow,86.83
CD012635,6,ratio,441,UNANIMOUS_NULL,-0.0025,0.991298,False,PM/Wald/none,-0.14,0.404798,False,FE/Wald/PET-PEESE,0.1374,Moderate,73.47
CD012642,4,ratio,315,UNANIMOUS_NULL,-0.0096,0.968007,False,FE/Wald/PET-PEESE,1.0695,0.070519,False,FE/Wald/none,1.0792,Extreme,73.33
CD012693,8,ratio,567,SPLIT,-1.0142,2.7e-05,True,FE/Wald/none,-1.283,0.050018,False,FE/Wald/PET-PEESE,0.2687,Moderate,54.32
CD012712,20,ratio,1323,UNANIMOUS_SIGNIFICANT,-0.6712,0.0,True,FE/Wald/PET-PEESE,-0.6862,0.0,True,FE/Wald/PET-PEESE,0.0151,Narrow,100.0
CD012718,5,ratio,378,SPLIT,0.5769,0.0,True,FE/Wald/none,0.456,0.05693,False,FE/HKSJ/none,0.1209,Moderate,64.55
CD012757,3,ratio,252,SPLIT,-0.1483,0.001013,True,FE/Wald/none,-0.0239,0.177469,False,FE/Wald/PET-PEESE,0.1244,Moderate,30.56
CD012850,5,ratio,378,UNANIMOUS_NULL,0.0154,0.975068,False,FE/Wald/PET-PEESE,0.3332,0.130138,False,FE/Wald/PET-PEESE,0.3178,Wide,66.67
CD012891,13,ratio,882,SPLIT,-0.6493,0.0,True,FE/Wald/none,-0.2369,0.116153,False,FE/HKSJ/trim-and-fill,0.4124,Wide,62.81
CD012905,12,ratio,819,SPLIT,-0.5675,3.8e-05,True,FE/Wald/PET-PEESE,-0.4427,0.071429,False,FE/Wald/PET-PEESE,0.1248,Moderate,50.18
CD012925,6,ratio,441,SPLIT,-0.1537,0.009973,True,FE/Wald/none,0.2978,0.06578,False,FE/Wald/PET-PEESE,0.4515,Wide,44.22
CD012942,36,ratio,2331,UNANIMOUS_NULL,-0.0016,0.991686,False,FE/Wald/PET-PEESE,-0.0485,0.138361,False,FE/Wald/trim-and-fill,0.0469,Narrow,61.0
CD012967,3,ratio,252,UNANIMOUS_NULL,0.1644,0.786325,False,FE/Wald/none,-1.0579,0.114203,False,FE/Wald/PET-PEESE,1.2223,Extreme,91.67
CD012993,13,ratio,882,UNANIMOUS_NULL,-0.0004,0.998124,False,DL/Wald/trim-and-fill,-0.5591,0.023039,False,FE/Wald/PET-PEESE,0.5587,Extreme,42.86
CD013042,13,ratio,882,SPLIT,0.135,0.043878,True,HS/Wald/none,-0.097,0.070643,False,FE/Wald/PET-PEESE,0.232,Moderate,64.63
CD013051,7,ratio,504,SPLIT,0.6926,0.0,True,FE/Wald/none,0.0717,0.426402,False,FE/HKSJ/none,0.6209,Extreme,53.17
CD013052,5,ratio,378,UNANIMOUS_NULL,0.0127,0.825481,False,FE/Wald/none,0.0467,0.290959,False,FE/Wald/PET-PEESE,0.0339,Narrow,100.0
CD013053,4,ratio,315,SPLIT,0.4217,1e-06,True,FE/Wald/none,0.4019,0.051004,False,FE/HKSJ/none,0.0199,Narrow,53.33
CD013054,8,ratio,567,SPLIT,-0.2104,0.0,True,FE/Wald/none,0.0301,0.309332,False,FE/Wald/PET-PEESE,0.2405,Moderate,66.67
CD013055,3,ratio,252,SPLIT,0.6838,2e-06,True,FE/Wald/none,0.6802,0.15398,False,FE/HKSJ/none,0.0036,Narrow,41.67
CD013056,4,ratio,315,SPLIT,-0.2813,0.000186,True,FE/Wald/none,0.2157,0.105302,False,FE/Wald/PET-PEESE,0.497,Wide,12.7
CD013059,5,ratio,378,SPLIT,1.5103,0.008012,True,FE/Wald/none,1.5103,0.076891,False,FE/HKSJ/none,0.0,Narrow,10.58
CD013071,16,ratio,1071,UNANIMOUS_NULL,-0.0872,0.709914,False,FE/Wald/PET-PEESE,-0.3955,0.05475,False,FE/Wald/none,0.3084,Wide,100.0
CD013105,5,ratio,378,SPLIT,-1.142,0.006185,True,FE/Wald/none,0.4775,0.076568,False,FE/Wald/PET-PEESE,1.6195,Extreme,68.52
CD013197,64,ratio,4095,SPLIT,-0.4488,1e-06,True,FE/Wald/trim-and-fill,0.453,0.0,False,FE/Wald/trim-and-fill,0.9018,Extreme,60.61
CD013232,121,ratio,7686,UNANIMOUS_NULL,0.0216,0.769543,False,FE/Wald/none,-0.2074,0.171364,False,FE/Wald/PET-PEESE,0.229,Moderate,59.02
CD013255,9,ratio,630,SPLIT,0.7994,0.0,True,FE/Wald/none,0.3609,0.061223,False,FE/HKSJ/trim-and-fill,0.4384,Wide,66.35
CD013278,12,ratio,819,SPLIT,0.3667,0.005639,True,FE/Wald/PET-PEESE,0.2553,0.064525,False,FE/HKSJ/trim-and-fill,0.1114,Moderate,76.19
CD013284,4,ratio,315,UNANIMOUS_NULL,-0.0007,0.999005,False,HS/Wald/none,-1.8503,0.259701,False,FE/Wald/PET-PEESE,1.8496,Extreme,66.67
CD013295,66,ratio,4221,SPLIT,-0.3215,0.0,True,FE/Wald/none,-0.1792,0.220258,False,FE/Wald/PET-PEESE,0.1423,Moderate,66.67
CD013332,10,ratio,693,SPLIT,-0.6324,0.0,True,FE/Wald/trim-and-fill,-0.1723,0.052225,False,FE/Wald/trim-and-fill,0.4601,Wide,60.61
CD013342,8,ratio,567,SPLIT,0.3425,0.004643,True,FE/Wald/none,0.3425,0.076401,False,FE/HKSJ/none,0.0,Narrow,13.4
CD013344,6,ratio,441,UNANIMOUS_NULL,-0.2887,0.901827,False,FE/Wald/PET-PEESE,-0.1631,0.13814,False,FE/Wald/PET-PEESE,0.1256,Moderate,66.67
CD013353,6,difference,441,SPLIT,-3.5941,0.0,True,FE/Wald/trim-and-fill,-2.1137,0.054226,False,HE/HKSJ/none,1.4804,Extreme,68.71
CD013355,4,ratio,315,UNANIMOUS_NULL,0.006,0.992278,False,HE/Wald/trim-and-fill,0.5731,0.057471,False,FE/Wald/PET-PEESE,0.5672,Extreme,40.95
CD013358,6,ratio,441,SPLIT,0.3963,0.011877,True,FE/Wald/none,-0.4947,0.003708,False,FE/Wald/PET-PEESE,0.891,Extreme,59.41
CD013366,7,ratio,504,UNANIMOUS_NULL,-0.1616,0.969155,False,FE/Wald/PET-PEESE,-0.2225,0.34533,False,FE/Wald/none,0.0609,Narrow,100.0
CD013396,16,ratio,1071,UNANIMOUS_NULL,-0.0035,0.985957,False,DL/Wald/none,-0.288,0.061971,False,FE/Wald/none,0.2845,Moderate,96.36
CD013408,5,ratio,378,SPLIT,-0.5934,2.2e-05,True,FE/Wald/none,-0.4569,0.093245,False,FE/HKSJ/none,0.1365,Moderate,29.1
CD013414,15,ratio,1008,SPLIT,0.7005,0.0,True,FE/Wald/none,0.6772,0.065378,False,FE/Wald/PET-PEESE,0.0232,Narrow,68.75
CD013421,15,ratio,1008,SPLIT,-0.7248,0.0,True,FE/Wald/none,-0.271,0.16388,False,FE/Wald/PET-PEESE,0.4537,Wide,66.67
CD013425,21,ratio,1386,SPLIT,0.5383,3e-06,True,FE/Wald/PET-PEESE,0.3067,0.152841,False,FE/Wald/PET-PEESE,0.2316,Moderate,98.48
CD013429,4,ratio,315,SPLIT,0.9046,0.013887,True,FE/Wald/PET-PEESE,0.7697,0.114191,False,FE/Wald/PET-PEESE,0.1349,Moderate,71.11
CD013445,39,ratio,2520,SPLIT,0.0965,0.0,True,FE/Wald/none,0.0577,0.062087,False,REML/HKSJ/trim-and-fill,0.0388,Narrow,66.63
CD013456,12,ratio,819,SPLIT,0.4679,1.7e-05,True,FE/Wald/trim-and-fill,0.3195,0.055211,False,FE/HKSJ/none,0.1485,Moderate,67.28
CD013462,17,ratio,1134,SPLIT,0.4345,0.020574,True,FE/Wald/none,0.4345,0.129356,False,FE/HKSJ/none,0.0,Narrow,55.91
CD013474,6,ratio,441,UNANIMOUS_NULL,-0.001,0.994239,False,HS/Wald/trim-and-fill,0.1431,0.06272,False,FE/Wald/trim-and-fill,0.1441,Moderate,38.1
CD013476,3,ratio,252,UNANIMOUS_NULL,1.0029,0.362062,False,FE/Wald/none,8.3735,0.354815,False,FE/Wald/PET-PEESE,7.3707,Extreme,100.0
CD013508,4,ratio,315,UNANIMOUS_NULL,0.0247,0.955047,False,HE/Wald/none,0.453,0.079817,False,FE/Wald/none,0.4283,Wide,93.33
CD013539,29,ratio,1890,UNANIMOUS_NULL,0.0,0.999605,False,HS/Wald/trim-and-fill,0.1071,0.294542,False,FE/Wald/PET-PEESE,0.107,Moderate,85.87
CD013541,8,ratio,567,UNANIMOUS_NULL,-0.03,0.898993,False,FE/Wald/none,-0.6702,0.185053,False,FE/Wald/PET-PEESE,0.6402,Extreme,100.0
CD013561,5,ratio,378,SPLIT,0.7281,0.01125,True,FE/Wald/PET-PEESE,0.3506,0.147129,False,FE/HKSJ/trim-and-fill,0.3776,Wide,88.36
CD013571,4,ratio,315,SPLIT,0.4223,1.2e-05,True,FE/Wald/none,0.3439,0.114589,False,FE/Wald/PET-PEESE,0.0784,Narrow,34.6
CD013590,5,ratio,378,UNANIMOUS_NULL,0.0206,0.977179,False,FE/Wald/PET-PEESE,0.987,0.051009,False,FE/Wald/none,0.9664,Extreme,77.78
CD013591,13,difference,882,SPLIT,1.8852,0.0,True,FE/Wald/none,2.0595,0.255172,False,FE/HKSJ/none,0.1743,Narrow,56.46
CD013595,3,ratio,252,SPLIT,-0.3394,4e-06,True,FE/Wald/trim-and-fill,-0.3394,0.139889,False,FE/HKSJ/none,0.0,Narrow,41.67
CD013613,3,ratio,252,UNANIMOUS_NULL,-0.032,0.773178,False,FE/Wald/none,-0.1175,0.054627,False,FE/Wald/PET-PEESE,0.0855,Narrow,75.0
CD013614,15,ratio,1008,UNANIMOUS_SIGNIFICANT,0.9062,0.0,True,FE/Wald/none,0.7218,4.5e-05,True,FE/Wald/PET-PEESE,0.1844,Moderate,100.0
CD013631,3,ratio,252,UNANIMOUS_NULL,0.2321,0.468083,False,FE/Wald/none,-0.692,0.079755,False,FE/Wald/PET-PEESE,0.9241,Extreme,91.67
CD013643,6,ratio,441,SPLIT,1.3388,0.0,True,FE/Wald/none,2.5029,0.058446,False,FE/Wald/PET-PEESE,1.1641,Extreme,46.94
CD013672,7,ratio,504,SPLIT,0.1799,0.001909,True,FE/Wald/none,0.1799,0.109231,False,FE/HKSJ/none,0.0,Narrow,66.87
CD013715,7,ratio,504,SPLIT,0.6502,1.1e-05,True,FE/Wald/none,0.371,0.06706,False,FE/HKSJ/none,0.2791,Moderate,33.73
CD013719,4,ratio,315,SPLIT,0.7782,0.0,True,FE/Wald/none,0.7782,0.073617,False,FE/HKSJ/none,0.0,Narrow,24.13
CD013726,12,ratio,819,SPLIT,-0.4037,0.00504,True,FE/Wald/trim-and-fill,-0.4037,0.147506,False,FE/HKSJ/trim-and-fill,0.0,Narrow,92.43
CD013745,3,ratio,252,SPLIT,0.5226,0.018778,True,FE/Wald/PET-PEESE,0.5183,0.084713,False,FE/HKSJ/none,0.0043,Narrow,36.11
CD013748,8,ratio,567,SPLIT,-0.3461,0.008459,True,FE/Wald/trim-and-fill,-0.2944,0.053268,False,FE/HKSJ/trim-and-fill,0.0517,Narrow,24.69
CD013757,6,ratio,441,SPLIT,-0.6845,0.006775,True,FE/Wald/PET-PEESE,-0.771,0.053261,False,FE/HKSJ/none,0.0865,Narrow,33.79
CD013758,4,ratio,315,UNANIMOUS_NULL,-0.0295,0.951942,False,HS/Wald/none,0.05,0.310294,False,FE/Wald/PET-PEESE,0.0795,Narrow,89.52
CD013763,21,ratio,1386,SPLIT,-0.806,0.0,True,FE/Wald/none,-0.1958,0.449603,False,FE/Wald/PET-PEESE,0.6102,Extreme,66.67
CD013764,4,ratio,315,UNANIMOUS_NULL,0.0003,0.951992,False,FE/Wald/trim-and-fill,-0.002,0.236081,False,FE/Wald/PET-PEESE,0.0023,Narrow,60.0
CD013773,7,ratio,504,SPLIT,-0.2392,0.004937,True,FE/Wald/PET-PEESE,-0.1761,0.061244,False,FE/HKSJ/none,0.0631,Narrow,65.28
CD013774,3,ratio,252,SPLIT,-0.7183,0.0,True,FE/Wald/none,-0.7183,0.25067,False,FE/HKSJ/none,0.0,Narrow,28.57
CD013781,14,ratio,945,SPLIT,-0.6288,0.000799,True,FE/Wald/none,-0.3501,0.059638,False,FE/HKSJ/trim-and-fill,0.2787,Moderate,55.45
CD013789,38,difference,2457,SPLIT,-0.2259,0.019205,True,PM/Wald/trim-and-fill,-0.1701,0.065873,False,DL/HKSJ/trim-and-fill,0.0558,Narrow,87.42
CD013800,48,ratio,3087,SPLIT,-0.1287,0.0,True,FE/Wald/none,0.1185,0.0,False,FE/Wald/trim-and-fill,0.2472,Moderate,62.55
CD013816,4,ratio,315,SPLIT,-27.8732,0.047229,True,FE/Wald/PET-PEESE,-39.7661,0.311867,False,FE/Wald/PET-PEESE,11.8929,Extreme,60.0
CD013821,22,ratio,1449,SPLIT,-0.6135,0.0,True,FE/Wald/trim-and-fill,-0.2097,0.061613,False,FE/HKSJ/none,0.4038,Wide,75.43
CD013822,15,ratio,1008,SPLIT,0.3991,0.0,True,DL/Wald/none,0.3177,0.053945,False,DL/HKSJ/none,0.0815,Narrow,52.18
CD013827,14,ratio,945,UNANIMOUS_NULL,-0.0308,0.964395,False,FE/Wald/PET-PEESE,-0.333,0.09967,False,FE/Wald/none,0.3022,Wide,71.11
CD013830,7,ratio,504,SPLIT,-0.3472,0.04902,True,FE/Wald/none,-0.3472,0.106138,False,FE/HKSJ/none,0.0,Narrow,98.81
CD013834,8,difference,567,UNANIMOUS_NULL,0.0038,0.99799,False,FE/Wald/PET-PEESE,0.1782,0.208185,False,FE/Wald/none,0.1745,Narrow,62.96
CD013844,9,ratio,630,SPLIT,0.6663,0.031066,True,FE/Wald/none,0.6663,0.067986,False,FE/HKSJ/none,0.0,Narrow,71.11
CD013874,4,ratio,315,UNANIMOUS_NULL,-0.0537,0.908439,False,FE/Wald/trim-and-fill,-0.6941,0.170593,False,FE/Wald/trim-and-fill,0.6404,Extreme,93.33
CD013875,9,ratio,630,SPLIT,0.9028,0.0,True,FE/Wald/trim-and-fill,2.286,0.077848,False,FE/Wald/PET-PEESE,1.3832,Extreme,66.67
CD014040,14,ratio,945,SPLIT,0.1203,0.0,True,FE/Wald/none,0.0708,0.08297,False,FE/HKSJ/trim-and-fill,0.0495,Narrow,45.71
CD014089,6,ratio,441,SPLIT,0.7493,0.003568,True,FE/Wald/PET-PEESE,0.5117,0.078659,False,FE/HKSJ/none,0.2376,Moderate,16.33
CD014145,6,ratio,441,SPLIT,-0.6368,0.026758,True,FE/Wald/trim-and-fill,-0.6368,0.117834,False,FE/HKSJ/trim-and-fill,0.0,Narrow,91.61
CD014300,9,ratio,630,SPLIT,-0.3596,0.000413,True,FE/Wald/none,-0.3596,0.178144,False,FE/HKSJ/none,0.0,Narrow,80.16
CD014428,6,difference,441,SPLIT,-18.9874,0.0,True,FE/Wald/trim-and-fill,-14.5763,0.051568,False,FE/Wald/PET-PEESE,4.4112,Extreme,93.2
CD014541,5,ratio,378,SPLIT,0.915,1e-06,True,FE/Wald/none,0.6756,0.051213,False,FE/HKSJ/none,0.2394,Moderate,49.21
CD014544,12,ratio,819,UNANIMOUS_NULL,-0.0016,0.992471,False,DL/Wald/none,0.2712,0.438658,False,HS/Wald/trim-and-fill,0.2728,Moderate,41.39
CD014585,12,ratio,819,SPLIT,-0.1369,0.0,True,FE/Wald/trim-and-fill,-0.1022,0.070101,False,FE/HKSJ/trim-and-fill,0.0347,Narrow,30.77
CD014594,7,ratio,504,SPLIT,1.4846,0.0,True,FE/Wald/trim-and-fill,1.4598,0.053652,False,FE/Wald/PET-PEESE,0.0247,Narrow,95.83
CD014617,3,ratio,252,UNANIMOUS_NULL,0.0112,0.970688,False,HE/Wald/none,0.3246,0.066746,False,FE/Wald/PET-PEESE,0.3133,Wide,58.33
CD014624,38,ratio,2457,SPLIT,0.1974,2e-06,True,FE/Wald/none,0.0877,0.242252,False,FE/Wald/PET-PEESE,0.1097,Moderate,66.67
CD014666,6,ratio,441,UNANIMOUS_NULL,0.0051,0.987178,False,REML/Wald/none,-0.1302,0.053635,False,FE/Wald/none,0.1353,Moderate,76.87
CD014678,10,ratio,693,SPLIT,-0.2548,0.000164,True,FE/Wald/trim-and-fill,-0.1982,0.068645,False,FE/HKSJ/trim-and-fill,0.0566,Narrow,43.72
CD014688,4,difference,315,SPLIT,0.6565,0.0,True,FE/Wald/none,0.6565,0.258159,False,FE/HKSJ/none,0.0,Narrow,53.97
CD014713,5,ratio,378,UNANIMOUS_NULL,0.0053,0.983012,False,REML/Wald/none,0.1878,0.318994,False,FE/Wald/PET-PEESE,0.1824,Moderate,56.35
CD014722,6,ratio,441,SPLIT,-0.5529,0.0,True,FE/Wald/trim-and-fill,-0.7025,0.057299,False,FE/Wald/PET-PEESE,0.1496,Moderate,59.18
CD014736,4,ratio,315,UNANIMOUS_NULL,-0.0114,0.978239,False,FE/Wald/none,-6.1385,0.088496,False,FE/Wald/PET-PEESE,6.1272,Extreme,93.33
CD014741,13,ratio,882,SPLIT,0.1331,0.000465,True,FE/Wald/none,0.0851,0.06033,False,FE/HKSJ/none,0.0481,Narrow,25.85
CD014758,22,difference,1449,SPLIT,0.1741,0.0,True,FE/Wald/none,0.1301,0.075768,False,FE/Wald/PET-PEESE,0.044,Narrow,68.12
CD014762,7,ratio,504,UNANIMOUS_NULL,-0.0004,0.99752,False,FE/Wald/PET-PEESE,0.0845,0.137215,False,FE/Wald/none,0.085,Narrow,86.31
CD014763,9,ratio,630,SPLIT,-2.0843,0.0,True,FE/Wald/none,0.7753,0.195399,False,FE/Wald/PET-PEESE,2.8596,Extreme,66.67
CD014769,27,ratio,1764,SPLIT,-0.1917,0.008138,True,DL/Wald/trim-and-fill,-0.176,0.050021,False,REML/HKSJ/none,0.0157,Narrow,54.99
CD014792,11,ratio,756,UNANIMOUS_NULL,-0.2827,0.554231,False,FE/Wald/PET-PEESE,-0.4678,0.103677,False,FE/Wald/none,0.1851,Moderate,100.0
CD014803,5,ratio,378,UNANIMOUS_NULL,0.03,0.939943,False,FE/Wald/none,-0.5787,0.287457,False,FE/Wald/PET-PEESE,0.6087,Extreme,55.56
CD014811,4,ratio,315,UNANIMOUS_NULL,-0.137,0.862272,False,FE/Wald/PET-PEESE,0.4835,0.12247,False,FE/Wald/none,0.6205,Extreme,93.33
CD014820,17,ratio,1134,UNANIMOUS_NULL,0.0002,0.996135,False,FE/Wald/none,-0.0904,0.209565,False,PM/Wald/trim-and-fill,0.0906,Narrow,57.67
CD014833,5,ratio,378,SPLIT,0.2957,0.014742,True,DL/Wald/trim-and-fill,0.2957,0.080302,False,DL/HKSJ/trim-and-fill,0.0,Narrow,66.14
CD014844,6,ratio,441,SPLIT,-0.4866,0.011799,True,FE/Wald/none,-0.4866,0.065489,False,FE/HKSJ/none,0.0,Narrow,62.13
CD014845,20,difference,1323,SPLIT,-0.0622,0.0,True,FE/Wald/none,-0.0516,0.053682,False,HE/HKSJ/trim-and-fill,0.0106,Narrow,64.4
CD014852,4,ratio,315,SPLIT,-0.6824,0.021797,True,FE/Wald/none,-0.6824,0.321385,False,FE/HKSJ/none,0.0,Narrow,65.4
CD014855,7,ratio,504,UNANIMOUS_NULL,-0.0079,0.981464,False,REML/Wald/none,-1.5276,0.051022,False,FE/Wald/PET-PEESE,1.5197,Extreme,86.31
CD014861,4,ratio,315,SPLIT,0.208,0.033937,True,FE/Wald/none,-1.1736,0.081603,False,FE/Wald/PET-PEESE,1.3816,Extreme,43.17
CD014869,8,ratio,567,UNANIMOUS_NULL,0.0004,0.994264,False,FE/Wald/PET-PEESE,-0.0197,0.246299,False,FE/Wald/none,0.0201,Narrow,83.6
CD014871,8,difference,567,SPLIT,0.1575,0.0,True,FE/Wald/none,0.1042,0.051751,False,FE/HKSJ/none,0.0533,Narrow,65.96
CD014872,13,ratio,882,SPLIT,1.2044,0.0,True,FE/Wald/none,0.904,0.117228,False,FE/Wald/PET-PEESE,0.3004,Wide,69.05
CD014889,5,ratio,378,SPLIT,-0.9392,0.001323,True,FE/Wald/none,-0.7539,0.06877,False,FE/HKSJ/none,0.1853,Moderate,37.04
CD014914,16,ratio,1071,SPLIT,0.2049,2e-06,True,FE/Wald/none,0.1165,0.097142,False,FE/HKSJ/trim-and-fill,0.0883,Narrow,65.55
CD014923,3,ratio,252,SPLIT,2.6342,2.3e-05,True,FE/Wald/none,2.6342,0.147735,False,FE/HKSJ/none,0.0,Narrow,30.56
CD014932,7,difference,504,SPLIT,-1.0703,0.000414,True,FE/Wald/trim-and-fill,-1.0703,0.097269,False,FE/HKSJ/trim-and-fill,0.0,Narrow,88.29
CD014935,3,ratio,252,UNANIMOUS_NULL,0.0359,0.943529,False,FE/Wald/none,0.2611,0.55162,False,FE/Wald/trim-and-fill,0.2252,Moderate,75.0
CD014937,66,ratio,4221,SPLIT,-0.104,3e-06,True,FE/Wald/none,-0.0808,0.050597,False,FE/HKSJ/trim-and-fill,0.0233,Narrow,65.25
CD014941,4,ratio,315,SPLIT,2.7467,0.023934,True,FE/Wald/PET-PEESE,2.4908,0.311089,False,FE/Wald/PET-PEESE,0.2559,Moderate,73.33
CD014944,3,ratio,252,SPLIT,0.2166,0.027216,True,FE/Wald/none,0.2166,0.270686,False,FE/HKSJ/none,0.0,Narrow,48.81
CD014959,5,ratio,378,SPLIT,-0.5113,0.033368,True,FE/Wald/none,0.4212,0.153062,False,FE/Wald/PET-PEESE,0.9325,Extreme,51.85
CD014960,3,ratio,252,UNANIMOUS_NULL,-0.1599,0.885152,False,DL/Wald/none,0.6915,0.088245,False,FE/Wald/none,0.8514,Extreme,75.0
CD014964,54,ratio,3465,SPLIT,0.2131,0.0,True,FE/Wald/none,-0.1122,0.067463,False,FE/Wald/PET-PEESE,0.3253,Wide,66.67
CD014965,8,ratio,567,SPLIT,1.3726,0.002096,True,FE/Wald/PET-PEESE,1.3268,0.054665,False,FE/Wald/PET-PEESE,0.0458,Narrow,81.48
CD014966,28,ratio,1827,SPLIT,-0.1143,0.0,True,FE/Wald/trim-and-fill,-0.0667,0.062421,False,FE/HKSJ/none,0.0477,Narrow,75.59
CD014967,5,ratio,378,UNANIMOUS_NULL,0.6772,0.631115,False,FE/Wald/PET-PEESE,0.505,0.09881,False,FE/Wald/none,0.1722,Moderate,100.0
CD015003,10,ratio,693,SPLIT,1.0248,0.006763,True,DL/Wald/none,0.4915,0.067016,False,FE/HKSJ/none,0.5333,Extreme,5.77
CD015014,24,ratio,1575,UNANIMOUS_NULL,0.0024,0.966499,False,FE/Wald/trim-and-fill,-0.1609,0.096917,False,FE/Wald/PET-PEESE,0.1633,Moderate,37.33
CD015033,4,ratio,315,SPLIT,-0.2156,0.00401,True,FE/Wald/trim-and-fill,-0.2156,0.063667,False,FE/HKSJ/trim-and-fill,0.0,Narrow,10.16
CD015038,9,ratio,630,SPLIT,-2.4072,0.0,True,FE/Wald/trim-and-fill,-1.2727,0.052901,False,FE/HKSJ/none,1.1345,Extreme,56.98
CD015040,7,difference,504,SPLIT,-0.5284,0.005313,True,FE/Wald/none,-0.5284,0.064188,False,FE/HKSJ/none,0.0,Narrow,52.58
CD015042,7,ratio,504,UNANIMOUS_NULL,-0.005,0.814337,False,FE/Wald/trim-and-fill,-0.0437,0.167298,False,FE/Wald/none,0.0387,Narrow,70.83
CD015064,4,ratio,315,SPLIT,0.4535,0.000784,True,FE/Wald/none,-0.8673,0.130561,False,FE/Wald/PET-PEESE,1.3208,Extreme,63.49
CD015083,67,difference,4284,SPLIT,-0.1748,0.0,True,FE/Wald/trim-and-fill,0.0185,0.701974,False,HS/Wald/trim-and-fill,0.1933,Narrow,93.28
CD015087,7,ratio,504,SPLIT,-0.4114,0.005695,True,FE/Wald/none,-0.4114,0.067366,False,FE/HKSJ/none,0.0,Narrow,84.13
CD015120,5,ratio,378,UNANIMOUS_NULL,-0.0543,0.902988,False,REML/Wald/none,-0.9917,0.068604,False,FE/Wald/PET-PEESE,0.9373,Extreme,94.44
CD015122,9,ratio,630,SPLIT,-0.8739,0.000225,True,FE/Wald/none,-0.6426,0.056374,False,FE/HKSJ/none,0.2312,Moderate,46.83
CD015124,8,ratio,567,SPLIT,-0.9635,0.000666,True,FE/Wald/PET-PEESE,-1.014,0.052412,False,FE/Wald/PET-PEESE,0.0506,Narrow,96.3
CD015134,6,ratio,441,SPLIT,0.2315,0.002771,True,FE/Wald/none,0.1543,0.121804,False,FE/HKSJ/none,0.0772,Narrow,82.77
CD015140,5,ratio,378,UNANIMOUS_NULL,0.0466,0.936566,False,FE/Wald/PET-PEESE,-0.1815,0.240284,False,FE/Wald/trim-and-fill,0.2281,Moderate,66.67
CD015145,3,ratio,252,SPLIT,-0.4297,0.037556,True,FE/Wald/trim-and-fill,-0.8427,0.258173,False,FE/Wald/PET-PEESE,0.4129,Wide,88.89
CD015160,4,ratio,315,SPLIT,-1.7216,0.0,True,FE/Wald/PET-PEESE,12.0497,0.0,False,FE/Wald/PET-PEESE,13.7713,Extreme,15.56
CD015192,6,ratio,441,UNANIMOUS_NULL,0.015,0.974219,False,DL/Wald/none,2.8129,0.229861,False,FE/Wald/PET-PEESE,2.7979,Extreme,80.95
CD015213,12,ratio,819,SPLIT,-1.7184,3e-06,True,FE/Wald/none,-1.0259,0.161117,False,FE/Wald/PET-PEESE,0.6925,Extreme,66.67
CD015215,3,ratio,252,UNANIMOUS_NULL,0.1653,0.431646,False,FE/Wald/none,0.0273,0.165484,False,FE/Wald/PET-PEESE,0.138,Moderate,100.0
CD015219,18,ratio,1197,SPLIT,0.2174,5.2e-05,True,FE/Wald/none,0.1819,0.050111,False,FE/HKSJ/none,0.0354,Narrow,37.59
CD015229,9,difference,630,UNANIMOUS_SIGNIFICANT,-76.6067,0.0,True,FE/Wald/PET-PEESE,-59.0423,0.0,True,REML/Wald/none,17.5644,Extreme,100.0
CD015252,7,ratio,504,SPLIT,-0.121,0.009357,True,FE/Wald/none,-0.1188,0.053089,False,FE/HKSJ/none,0.0022,Narrow,31.55
CD015254,10,ratio,693,SPLIT,-0.1416,0.0,True,FE/Wald/none,-0.1114,0.050293,False,FE/HKSJ/trim-and-fill,0.0303,Narrow,31.6
CD015255,7,ratio,504,SPLIT,-0.3306,1.2e-05,True,FE/Wald/none,-0.3746,0.05035,False,DL/HKSJ/none,0.0441,Narrow,8.53
CD015284,5,ratio,378,SPLIT,0.6621,2e-06,True,FE/Wald/trim-and-fill,0.3605,0.138926,False,FE/HKSJ/none,0.3015,Wide,23.54
CD015314,21,ratio,1386,SPLIT,0.4593,0.0,True,FE/Wald/none,0.155,0.25109,False,FE/Wald/PET-PEESE,0.3044,Wide,66.67
CD015326,16,difference,1071,SPLIT,-0.0752,1e-06,True,FE/Wald/none,-0.0748,0.085155,False,FE/Wald/PET-PEESE,0.0004,Narrow,66.67
CD015328,27,difference,1764,SPLIT,-0.1439,2e-06,True,FE/Wald/trim-and-fill,-0.0122,0.094069,False,FE/HKSJ/none,0.1317,Narrow,22.05
CD015330,11,difference,756,UNANIMOUS_NULL,0.0009,0.991695,False,FE/Wald/PET-PEESE,0.0541,0.336,False,HS/Wald/trim-and-fill,0.0532,Narrow,72.22
CD015331,48,ratio,3087,SPLIT,-0.228,0.000611,True,FE/Wald/PET-PEESE,-0.2184,0.050496,False,FE/Wald/PET-PEESE,0.0096,Narrow,75.51
CD015332,5,ratio,378,SPLIT,-3.3839,0.0,True,FE/Wald/PET-PEESE,-0.1991,0.167457,False,FE/Wald/PET-PEESE,3.1848,Extreme,94.44
CD015350,9,ratio,630,SPLIT,-0.4769,0.013502,True,FE/Wald/none,-0.4769,0.063216,False,FE/HKSJ/none,0.0,Narrow,91.43
CD015373,5,ratio,378,UNANIMOUS_NULL,-0.0037,0.99536,False,REML/Wald/none,9.186,0.13172,False,FE/Wald/PET-PEESE,9.1897,Extreme,71.43
CD015383,5,difference,378,SPLIT,-8.4087,0.000263,True,FE/Wald/none,-7.9173,0.057503,False,FE/HKSJ/none,0.4913,Moderate,51.85
CD015387,21,ratio,1386,SPLIT,-0.2897,1e-06,True,FE/Wald/none,-0.203,0.08994,False,FE/Wald/PET-PEESE,0.0867,Narrow,66.67
CD015395,4,ratio,315,SPLIT,-1.8035,0.007895,True,FE/Wald/PET-PEESE,-1.8449,0.129595,False,FE/Wald/PET-PEESE,0.0413,Narrow,77.78
CD015432,8,ratio,567,UNANIMOUS_NULL,-0.0259,0.873394,False,DL/Wald/none,0.1654,0.032315,False,FE/Wald/trim-and-fill,0.1913,Moderate,51.85
CD015443,19,ratio,1260,SPLIT,0.7324,0.0,True,FE/Wald/none,0.5753,0.065386,False,FE/Wald/PET-PEESE,0.1571,Moderate,68.33
CD015448,7,difference,504,SPLIT,3.1167,0.03527,True,FE/Wald/none,3.1167,0.089158,False,FE/HKSJ/none,0.0,Narrow,68.85
CD015476,15,ratio,1008,SPLIT,0.183,0.0,True,FE/Wald/none,0.0686,0.085029,False,FE/HKSJ/trim-and-fill,0.1144,Moderate,68.55
CD015514,3,ratio,252,UNANIMOUS_NULL,0.0,1.0,False,FE/Wald/none,-0.6617,0.064708,False,FE/Wald/none,0.6617,Extreme,75.0
CD015518,12,difference,819,SPLIT,-0.5784,0.0,True,FE/Wald/trim-and-fill,-0.3553,0.571355,False,FE/Wald/PET-PEESE,0.2231,Moderate,66.67
CD015520,5,difference,378,SPLIT,-0.3483,0.010429,True,FE/Wald/PET-PEESE,-0.263,0.054186,False,FE/HKSJ/none,0.0854,Narrow,42.59
CD015524,4,ratio,315,UNANIMOUS_NULL,-0.4293,0.70044,False,FE/Wald/PET-PEESE,0.4001,0.162426,False,FE/Wald/PET-PEESE,0.8293,Extreme,93.33
CD015532,11,ratio,756,SPLIT,-0.283,0.002275,True,FE/Wald/trim-and-fill,-0.283,0.118986,False,FE/HKSJ/trim-and-fill,0.0,Narrow,66.8
CD015536,10,ratio,693,SPLIT,-0.7759,0.004927,True,FE/Wald/trim-and-fill,-0.7056,0.063404,False,FE/HKSJ/none,0.0703,Narrow,82.54
CD015551,3,ratio,252,UNANIMOUS_NULL,0.0042,0.899785,False,DL/Wald/none,0.0263,0.157415,False,FE/Wald/none,0.0221,Narrow,75.0
CD015573,4,ratio,315,UNANIMOUS_NULL,0.0317,0.995123,False,FE/Wald/PET-PEESE,2.8271,0.135582,False,FE/Wald/PET-PEESE,2.7954,Extreme,66.67
CD015584,13,ratio,882,UNANIMOUS_NULL,0.0018,0.813219,False,FE/Wald/none,-0.0529,0.050937,False,FE/Wald/PET-PEESE,0.0547,Narrow,66.67
CD015588,16,ratio,1071,SPLIT,-0.1719,2.1e-05,True,FE/Wald/trim-and-fill,-0.1002,0.055582,False,FE/Wald/PET-PEESE,0.0717,Narrow,68.63
CD015636,5,ratio,378,SPLIT,-1.2965,0.001887,True,FE/Wald/PET-PEESE,-1.5708,0.066333,False,FE/Wald/PET-PEESE,0.2743,Moderate,77.78
CD015673,14,ratio,945,SPLIT,-0.2066,0.006121,True,FE/Wald/PET-PEESE,-0.1611,0.051328,False,FE/HKSJ/none,0.0455,Narrow,91.85
CD015698,3,ratio,252,UNANIMOUS_NULL,0.3745,0.681231,False,FE/Wald/none,3.12,0.162807,False,FE/Wald/PET-PEESE,2.7454,Extreme,100.0
CD015721,6,ratio,441,UNANIMOUS_NULL,-0.0002,0.995472,False,HE/Wald/trim-and-fill,0.4954,0.072694,False,FE/Wald/PET-PEESE,0.4956,Wide,41.5
CD015746,6,ratio,441,SPLIT,-1.7391,0.0,True,FE/Wald/none,-1.1604,0.152854,False,FE/Wald/PET-PEESE,0.5788,Extreme,71.43
CD015749,3,ratio,252,UNANIMOUS_NULL,-0.0029,0.995831,False,HS/Wald/none,-18.3583,0.303224,False,FE/Wald/PET-PEESE,18.3554,Extreme,75.0
CD015751,3,ratio,252,UNANIMOUS_NULL,0.4076,0.656312,False,FE/Wald/none,0.8222,0.563513,False,FE/Wald/PET-PEESE,0.4147,Wide,100.0
CD015779,6,ratio,441,SPLIT,-0.9324,0.00117,True,FE/Wald/none,-1.155,0.069115,False,FE/HKSJ/none,0.2226,Moderate,60.32
CD015786,10,ratio,693,SPLIT,-2.6769,0.000282,True,FE/Wald/PET-PEESE,-4.388,0.051721,False,FE/Wald/PET-PEESE,1.7111,Extreme,78.79
CD015788,8,ratio,567,SPLIT,0.1853,0.000114,True,FE/Wald/none,0.182,0.074895,False,HE/HKSJ/none,0.0033,Narrow,15.87
CD015804,8,ratio,567,UNANIMOUS_NULL,0.0104,0.895473,False,FE/Wald/PET-PEESE,-0.038,0.106084,False,FE/Wald/PET-PEESE,0.0484,Narrow,96.3
CD015820,4,ratio,315,UNANIMOUS_NULL,-0.2104,0.82768,False,FE/Wald/PET-PEESE,0.135,0.212874,False,FE/Wald/PET-PEESE,0.3454,Wide,73.33
CD015824,5,ratio,378,SPLIT,-0.5684,0.002521,True,FE/Wald/PET-PEESE,-0.7501,0.096148,False,FE/Wald/PET-PEESE,0.1818,Moderate,67.99
CD015830,4,difference,315,SPLIT,-1.3819,4e-06,True,FE/Wald/trim-and-fill,-1.2794,0.068894,False,FE/HKSJ/none,0.1025,Narrow,31.43
CD015849,7,ratio,504,SPLIT,-0.2536,0.00331,True,FE/Wald/PET-PEESE,-0.2118,0.055855,False,FE/Wald/PET-PEESE,0.0418,Narrow,45.63
CD015854,5,ratio,378,SPLIT,-15.6358,0.036128,True,FE/Wald/PET-PEESE,0.657,0.112559,False,FE/Wald/PET-PEESE,16.2928,Extreme,88.89
CD015894,7,difference,504,SPLIT,-0.6796,0.0,True,FE/Wald/none,-0.8909,0.311917,False,FE/Wald/PET-PEESE,0.2113,Moderate,66.67
CD015932,10,ratio,693,SPLIT,-0.3255,0.0,True,FE/Wald/none,-0.0836,0.077256,False,FE/HKSJ/none,0.2419,Moderate,58.01
CD015968,3,difference,252,UNANIMOUS_NULL,-0.2667,0.884341,False,HE/Wald/trim-and-fill,-2.124,0.17877,False,FE/Wald/none,1.8573,Extreme,91.67
CD016031,28,ratio,1827,SPLIT,-0.7432,0.000625,True,FE/Wald/trim-and-fill,0.6577,0.063591,False,FE/Wald/PET-PEESE,1.4009,Extreme,85.39
CD016064,5,ratio,378,UNANIMOUS_NULL,-0.0139,0.966586,False,FE/Wald/trim-and-fill,-0.8148,0.050475,False,FE/Wald/PET-PEESE,0.8009,Extreme,64.29
CD016119,16,ratio,1071,SPLIT,0.5427,0.0,True,FE/Wald/trim-and-fill,0.3336,0.0529,False,REML/HKSJ/none,0.209,Moderate,83.94
CD016120,4,ratio,315,SPLIT,-1.1849,0.000303,True,FE/Wald/trim-and-fill,-1.1849,0.159707,False,FE/HKSJ/trim-and-fill,0.0,Narrow,46.67
CD016131,5,ratio,378,SPLIT,-0.3299,0.035139,True,FE/Wald/trim-and-fill,-0.5441,0.098984,False,FE/Wald/PET-PEESE,0.2141,Moderate,88.89
CD016136,30,difference,1953,SPLIT,0.8886,0.0,True,FE/Wald/none,0.3767,0.153411,False,FE/Wald/PET-PEESE,0.5119,Wide,98.92
CD016147,3,ratio,252,SPLIT,-0.2995,0.044859,True,FE/Wald/none,-0.2995,0.447962,False,FE/HKSJ/none,0.0,Narrow,97.62
CD016148,4,ratio,315,UNANIMOUS_NULL,0.0123,0.962639,False,HS/Wald/trim-and-fill,-0.0656,0.124506,False,FE/Wald/PET-PEESE,0.0779,Narrow,66.67
CD016211,5,ratio,378,SPLIT,-0.4329,0.001503,True,FE/Wald/PET-PEESE,-0.8226,0.364193,False,FE/Wald/PET-PEESE,0.3897,Wide,83.33
CD016278,4,ratio,315,UNANIMOUS_NULL,-0.0119,0.954587,False,FE/Wald/trim-and-fill,0.4003,0.197494,False,FE/Wald/PET-PEESE,0.4122,Wide,93.33
